"date","RV","BV","medRV","RK","rt","close"
2019-07-02,0.279622805638099,0.270165580432474,0.289822463403827,0.1270201253353,0.27708524239447,3614
2019-07-03,0.762529693520683,0.725974960151503,0.674205378233159,0.467383580476984,1.15544614218681,3656
2019-07-04,0.32305741056714,0.298599041287464,0.285473368141809,0.172157262860737,-0.356213556547758,3643
2019-07-05,0.195194237676206,0.163763267595185,0.192167690784619,0.107520760160466,0.164563942788476,3649
2019-07-08,0.600343925187125,0.495943913648168,0.397265781784151,0.573042983819582,-0.908471492438068,3616
2019-07-09,0.209025238234599,0.184675158859422,0.195573919479495,0.162665300788843,-0.249204060852826,3607
2019-07-10,0.238652741450213,0.205074692522126,0.215147608337267,0.13513013084247,0.110834037391783,3611
2019-07-11,0.764455901485268,0.330876631337671,0.326997225906305,0.602452281188011,0.744933780060997,3638
2019-07-12,0.301584658131325,0.248036874523958,0.259712493331283,0.190912522852158,-0.46838493124266,3621
2019-07-15,0.223808005244688,0.198617762383894,0.197052299006506,0.176315777630086,0.46838493124266,3638
2019-07-16,0.32594395504221,0.294952693790079,0.30069558083194,0.282701990337979,0.957468674159934,3673
2019-07-17,1.30598780316441,1.17066736994248,1.25903642606501,1.59165840457538,1.43265053418666,3726
2019-07-18,1.46166604768314,1.47908039590499,1.52399246909574,1.75571163477264,2.15062052209642,3807
2019-07-19,1.56171730845074,1.02446433640566,0.922175596230383,0.91301333727481,2.89950418171347,3919
2019-07-22,5.28911730061024,3.24696041513372,2.6676847154023,5.279211769225,-0.665645058917619,3893
2019-07-23,0.805278269014212,0.834572341072229,0.70566449013889,0.491373020140129,0.0256838321689656,3894
2019-07-24,0.966483053091169,0.988512950957881,0.833336118854041,0.936647543853662,0.920251893116131,3930
2019-07-25,0.616299137137381,0.522195155506819,0.500620863921049,0.47510496393021,-0.152788417805283,3924
2019-07-26,0.925983844240693,1.04726463758047,1.00955124242145,0.82307611281081,-0.408580752258025,3908
2019-07-29,0.779208816645353,0.694645715476282,0.625381820744608,0.705372841406163,-0.076795088888737,3905
2019-07-30,0.29890705600452,0.210405174244255,0.242223369316413,0.242085150945689,0.332353623069892,3918
2019-07-31,0.181600162294277,0.150259506905129,0.147912133980681,0.108171163303464,-0.0765990079582224,3915
2019-08-01,1.17087932767529,1.22197657039879,1.1808138655272,0.473137501970363,-2.35183342536107,3824
2019-08-02,1.07873531696768,0.981417819975026,1.08104559009553,1.23193015914462,0.962922209294348,3861
2019-08-05,3.65010173798709,2.53500073723159,2.47172420608347,2.94807677174907,3.76156163782717,4009
2019-08-06,1.90756433323311,1.64769446164119,1.44370261274791,2.07130049019267,-0.424947521115371,3992
2019-08-07,1.5158131869256,1.588763178472,1.49742330425012,2.05910979668519,2.00874702170584,4073
2019-08-08,2.57997839928546,2.34389409068978,2.15466905503309,1.34875386381172,2.11352456068958,4160
2019-08-09,1.35006227088783,1.16568942746043,1.17516386583467,1.18628338823296,-0.409491117790672,4143
2019-08-12,1.11020065215753,1.06019673542076,1.20005206389345,0.803410806597776,-0.629542030749697,4117
2019-08-13,1.47612597623593,0.865657771511427,0.776770364365669,1.33511302829725,3.29700192375704,4255
2019-08-14,6.85224322883955,9.00296675412488,9.20027490588983,7.72415520648511,-3.27271534197404,4118
2019-08-15,1.49105038951117,1.56893303661037,1.58759018862275,0.840662805266808,1.32675930038175,4173
2019-08-16,0.914086335423362,0.794934365658233,0.827087105573974,0.553386845226272,0.0479156693403482,4175
2019-08-19,0.670146908666812,0.65413366073428,0.714880789486161,0.816940782311468,-0.697034428923082,4146
2019-08-20,0.595941275667524,0.596894544849022,0.606066020513119,0.373295568037792,-0.168980124699303,4139
2019-08-21,0.700743022618482,0.677743493793422,0.676893774101697,0.757187370292368,0.120729219058724,4144
2019-08-22,0.434590960025963,0.426764496205722,0.403987680771271,0.337965821377076,0.265092335022921,4155
2019-08-23,0.499879223310994,0.503974578969328,0.562829231485091,0.285437762584806,0.120264596576014,4160
2019-08-26,2.24343598384104,2.37770980850874,2.01405789347973,2.1839919766043,4.14371898641743,4336
2019-08-27,1.30637412050145,1.29404227711145,1.2897165813721,1.3177725822421,0.941129407141261,4377
2019-08-28,1.4161532329076,1.3796180910738,1.36948836771428,1.92571321600753,2.86023326286315,4504
2019-08-29,2.62171030427216,2.30343506101157,2.09313574112795,1.49424825629372,1.78242148710392,4585
2019-08-30,2.57978247273719,2.49446924943724,2.43863210077319,2.17561102623141,-1.76022146481269,4505
2019-09-02,1.58114533027693,1.33530102993303,1.36927705801872,1.10666311842872,-0.02220002229123,4504
2019-09-03,1.23903748468585,1.0949069343464,0.929290490144205,0.850756134724158,1.06008059866394,4552
2019-09-04,3.35710577998547,2.52723070208268,2.18696027640737,4.03578342919484,4.29988852363152,4752
2019-09-05,1.88947036097371,1.75551405248795,1.81334224974468,1.78657677895079,0.336134770270391,4768
2019-09-06,4.67585375090281,4.71252263421652,4.82163066790874,5.87446271812514,-5.94062996750253,4493
2019-09-09,18.0390467902609,13.6004355318795,10.2176265617294,19.0556604042731,-1.66072039394205,4419
2019-09-10,2.08005093113043,2.09924391143624,2.31142728957853,1.50551699903614,-0.795187650288831,4384
2019-09-11,1.89746357287159,1.74583256297737,1.42075544588508,2.19984748228275,0.998646520067581,4428
2019-09-12,1.76640294043044,1.38021456776149,1.21636901238579,1.16140836116424,-0.0225861096385671,4427
2019-09-16,0.386230033047687,0.279507895053407,0.294785411293767,0.324612064197414,-1.59384066146995,4357
2019-09-17,0.910454262872465,0.793855082778212,0.921306273474171,0.734658648905555,-0.206777787634138,4348
2019-09-18,0.655401717041873,0.595079622410103,0.583878203979538,0.551906734907816,0.50470398485345,4370
2019-09-19,1.94898791687393,1.80119060116593,1.79528614823096,1.03514346642601,-0.965746756331676,4328
2019-09-20,0.697402390984669,0.680535208811302,0.635486073132424,0.61645677854302,1.08009782653973,4375
2019-09-23,1.47821991280899,1.52259684918009,1.35292981297631,2.05527885323003,2.4831975701181,4485
2019-09-25,1.72518230014098,1.65370262944123,1.45714109553908,2.06456426897708,0.243067184086243,4531
2019-09-26,3.36051637129169,2.9883191607516,3.25786980589715,2.1012185869706,-3.20691232720183,4388
2019-09-27,3.46933836845755,3.19424775281868,3.37601329447238,3.51153308965947,-2.42198437797505,4283
2019-10-08,0.698881310355795,0.518323745745406,0.421489242080695,0.356438921514457,0.564707383031759,4262
2019-10-09,1.5144631676965,1.41180686690529,1.23601163552532,1.88957480136458,3.18660072477908,4400
2019-10-10,1.27898734531918,1.15254774108965,0.966849640190979,0.804930837778893,-1.28089582925828,4344
2019-10-11,1.9140456612374,1.81402572492936,1.73369443790606,2.0296651279182,-0.438344224779108,4325
2019-10-14,1.62801049663074,1.55732642258123,1.11396498389627,2.16553822986581,-1.0692802949162,4279
2019-10-15,0.968875504864703,0.694612541582751,0.579983800672823,0.820311906701026,0.280046857470673,4291
2019-10-16,1.19997031011475,1.13083588940146,0.926298220383532,1.13321876388169,-1.4554247519035,4229
2019-10-17,1.51964483852647,1.44423532097357,1.51359950022151,1.09937841681862,0.753831602742316,4261
2019-10-18,0.987781412319242,0.914880524342954,0.850992950819985,0.519412637899385,0.164145892173195,4268
2019-10-21,0.913264517750766,0.831094914142347,0.647412058902562,0.963484806402378,1.14153831338335,4317
2019-10-22,1.10885717517784,0.833980758356977,0.723381979183908,1.080483217018,-0.74401645235973,4285
2019-10-23,0.552932055105072,0.471677750741584,0.445620578427595,0.30859945704736,-0.0466853416510205,4283
2019-10-24,0.300895530639663,0.269320199375322,0.321171429653641,0.226111476525008,-0.374269442736974,4267
2019-10-25,1.28178383291491,1.3209875010561,1.19307478895619,1.05779297360972,2.68224172308091,4383
2019-10-28,1.54318459967278,1.58491712966141,1.44136999329463,1.8396172780398,0.205128277055699,4392
2019-10-29,1.33341544581876,1.20879979110038,1.12490543006543,0.891791890773427,-1.65293019512109,4320
2019-10-30,0.770480104802778,0.642625283887161,0.689938452381871,0.510066613912132,0.231213975837896,4330
2019-11-01,0.674117209805541,0.592293805030917,0.556373508294652,0.36213956404875,0.597153818596752,4367
2019-11-04,0.61260605567812,0.42175290490014,0.356997348660232,0.458528474832152,0.0228963939179039,4368
2019-11-05,0.452202129162378,0.393974504854992,0.415992466714013,0.450528834585967,-0.458926918364,4348
2019-11-06,1.48256345625541,1.24831710727503,1.21156395035927,1.68010851597453,-2.86967084498269,4225
2019-11-07,1.10942854781146,1.13315917263124,1.01872220813322,1.4677417444025,0.212791190353734,4234
2019-11-08,2.48236986437899,2.29829990643251,2.08370720328592,2.77083243770962,-3.24041311904733,4099
2019-11-11,1.66691546583524,1.64943467947216,1.53340297247696,1.44803969816399,-0.710004206769632,4070
2019-11-12,1.33919318136006,1.2813214271941,1.29048485954001,1.21848138605232,-0.467923523395086,4051
2019-11-13,0.598118369164256,0.560531680621196,0.566055890430223,0.477179572117114,1.32419786838387,4105
2019-11-14,1.03686428175369,1.00115371030045,1.11626064351392,1.05873159460774,0.0487092070029504,4107
2019-11-15,0.955857019839492,0.928460701098009,0.884314009285644,0.848029862811522,-1.07712179688324,4063
2019-11-18,0.55937104630603,0.551084939872172,0.506501586690925,0.379311873581777,0.122986118072355,4068
2019-11-19,0.798480781008053,0.819433837688905,0.853349525686179,0.814130576469566,1.41569364627472,4126
2019-11-20,0.946932911260128,0.790194212739287,0.886068436538105,0.665712208906732,-0.0969932180792554,4122
2019-11-21,0.497210141000996,0.449839773485729,0.464198721974448,0.408086725102511,-0.14566644964642,4116
2019-11-22,0.357375996993588,0.303465336582084,0.340750736071614,0.313576065750936,0,4116
2019-11-25,0.416810134539941,0.408169599123173,0.37412334137475,0.251518696973853,-1.14845489522502,4069
2019-11-26,0.354793042974854,0.375222971133317,0.398225735546691,0.294263037778479,0.19641548175624,4077
2019-11-27,0.455833428311882,0.388522799678463,0.369744459445566,0.436921570757462,0.635698962293318,4103
2019-11-28,0.295264746571224,0.24896999899828,0.263391606561713,0.235314176488811,-0.341797207754269,4089
2019-11-29,0.200670810326617,0.16905659989091,0.174348282849005,0.108115396017646,0.0244528672205035,4090
2019-12-02,0.27810490530439,0.24490657916966,0.216805544947307,0.136958189833682,-0.195790566705867,4082
2019-12-03,0.217119739761764,0.1938635073491,0.184031902822065,0.148534045715373,0.0979432007778058,4086
2019-12-04,0.720326137618386,0.659733316354144,0.655670404586807,0.628476876143342,2.75180288938923,4200
2019-12-05,1.01962235265442,0.682370438864512,0.545018974850509,0.794933358975101,-1.87460428210553,4122
2019-12-06,0.490365998602746,0.466745404702762,0.480866626197546,0.488647268268554,-0.681599522916976,4094
2019-12-09,1.35302531389491,1.25946933553947,0.977271954564942,1.44795002846197,-1.37729673484515,4038
2019-12-10,0.300782025591558,0.284726918078965,0.36627718014228,0.273695990154137,0.0990099090783403,4042
2019-12-11,0.21905542637377,0.192460649816356,0.207595309567145,0.136517560029572,0.0494682176794825,4044
2019-12-12,0.467184679062948,0.41150300709701,0.506295974394799,0.61759613924419,1.13106688964866,4090
2019-12-13,2.52933170803918,2.61864172307708,2.80299458858388,3.46810623924758,-0.736199644106961,4060
2019-12-16,1.27813907143121,1.11840013379628,0.933529207676042,1.14513929128571,1.34558605153909,4115
2019-12-17,0.423137463386692,0.403416848414586,0.400326264888063,0.215031241636547,-0.170254206271991,4108
2019-12-18,0.374724638355882,0.397751818964821,0.413516805051429,0.173459687788709,0.121639718197386,4113
2019-12-19,0.24910904908674,0.205866254332341,0.235906838953508,0.226370603855739,-0.243427578823763,4103
2019-12-20,0.277163151077509,0.209133704886503,0.210832756664232,0.205609430025178,0.510515269466438,4124
2019-12-23,0.727910532788173,0.662468366048024,0.779081122744375,0.909013639456432,1.39660348517285,4182
2019-12-24,0.790886192504317,0.676740594992857,0.741058776020874,0.869494731498617,1.23575717062323,4234
2019-12-25,0.525204359247827,0.465516213197862,0.44469553751016,0.234972372996594,0.77638314931896,4267
2019-12-26,0.73071756563567,0.594053125114029,0.793232628613916,0.84682342442937,1.44255642539797,4329
2019-12-27,1.13350053978302,0.951252357844108,0.850004735757291,1.07318397530004,-0.974938084400279,4287
2019-12-30,0.532033194045423,0.45250752885347,0.451863842169646,0.557651734541249,0.395763524364234,4304
2019-12-31,0.644554904496335,0.673218940041985,0.725596181057921,0.720885886957714,0.97110589747551,4346
2020-01-02,0.250814747283866,0.235821350189746,0.208815029053211,0.19265332994901,-1.3202276299495,4289
2020-01-03,1.00406848786421,1.054671932293,1.00795963714553,1.18893093451852,1.87094035727551,4370
2020-01-06,1.07993006925181,0.881453913876289,0.82032099515638,0.517988956226229,1.6341716364737,4442
2020-01-07,1.56587960539595,1.59041045141634,1.66471991569494,2.11596174172121,-1.90914889498064,4358
2020-01-08,1.64167660868327,1.36201993331642,1.13995654158285,2.01617473546459,1.95416352549547,4444
2020-01-09,3.4677212547082,3.65841335309627,3.32716636845689,3.51260384964611,-3.78355343427028,4279
2020-01-10,0.935678378259077,0.916579809174121,0.847948638277789,0.795151956314552,0.0934361198552836,4283
2020-01-13,1.92394245435451,1.04774423771622,0.751517187763372,1.71052708830761,0,4283
2020-01-14,1.0255948899853,0.748670608501302,0.797268198790913,1.32682188083155,-1.64787156363531,4213
2020-01-15,0.660412638503616,0.641781951517045,0.654546283015698,0.474092004214424,0.591647684922769,4238
2020-01-16,0.856384248907218,0.830669228805128,0.725574056898071,0.849165651968727,0.188590343495676,4246
2020-01-17,0.470109077375847,0.434210055309364,0.402119776395735,0.159854067121945,0.188235349698118,4254
2020-01-20,0.440786058229969,0.429785439764701,0.462088091556484,0.455941971965694,0.164415773972948,4261
2020-01-21,0.487200508146287,0.423364100800108,0.349940536657464,0.356469756599429,0.585002253360933,4286
2020-01-22,0.965555787097866,0.78108083973754,0.727147555508572,1.04192937395079,-1.62299222869624,4217
2020-01-23,0.591830458509573,0.532780583407186,0.507954563734004,0.445280080510629,0.0474158377778977,4219
2020-02-03,0.513447152542412,0.451521748130087,0.463288095182256,0.249842921277246,1.1547200297306,4268
2020-02-04,0.451514902754143,0.394730975816883,0.433256419866617,0.433795035488458,-0.187617315822841,4260
2020-02-05,0.703660182694442,0.706394779135501,0.723860850251532,0.532800461955968,-0.0939408241935169,4256
2020-02-06,0.273603652509672,0.233004346021313,0.259111549474549,0.2613179243818,-0.305918581915599,4243
2020-02-07,0.36469349059633,0.294365424724076,0.339027846013866,0.364694735853704,0.32941206258279,4257
2020-02-10,0.430829994850796,0.452671324081456,0.394003570424136,0.0874699103862038,-0.0469924820677647,4255
2020-02-11,0.162690690860575,0.141238872240738,0.158602133640505,0.116027978470116,0.11743982559409,4260
2020-02-12,0.372619424314307,0.359523787321666,0.38741684885928,0.367233095908019,-1.15690111014874,4211
2020-02-13,0.315456857960485,0.295606050490022,0.307742602541653,0.17614728354695,0.66272431907084,4239
2020-02-14,0.283868408971571,0.274945897649589,0.290832911094634,0.260474689035135,0.117882838123684,4244
2020-02-17,0.25093481970047,0.201285078007912,0.267733642295243,0.215579336066579,0.821311668294378,4279
2020-02-18,0.201365356680286,0.190232720963207,0.180910956744298,0.193637230827082,0.326645180774321,4293
2020-02-19,0.619774202581153,0.597225062136759,0.570014550713809,0.647882953885845,2.16598329416531,4387
2020-02-20,1.19417211151363,1.19222317613283,1.01558002109036,1.10566812572803,0.204941435729822,4396
2020-02-21,0.937568302788283,0.980671333797202,1.04108141667939,0.684131773321719,1.64696334099403,4469
2020-02-24,1.39449781981749,1.30646560467643,1.27706187659567,1.25291393971549,0.824517205873754,4506
2020-02-25,1.12931544061978,1.14508812118255,1.01934233104208,1.50919531439114,-2.13084208872498,4411
2020-02-26,0.969502745552646,0.924276352939097,0.794244028612078,0.892981431684857,-1.04832318312376,4365
2020-02-27,1.2076069452307,1.03868994505243,0.927913010577232,0.821900873227221,-0.367225567606333,4349
2020-02-28,5.42013451302751,4.73040854304952,4.4740759127839,7.87187272415735,-5.3122367460789,4124
2020-03-02,4.93899993939659,3.89666853372158,3.83297760824151,4.21425588778771,-1.36720879684002,4068
2020-03-03,1.58012743439963,1.44563485423692,1.13682536623919,1.43142703493426,-0.641185920488319,4042
2020-03-04,4.47997208210227,4.04267785610389,4.53702042706796,5.864788220464,1.71699091714341,4112
2020-03-05,0.908191274994865,0.930691762249423,0.991140577765915,0.574878156442679,0.0729305976168604,4115
2020-03-06,2.04147932783939,1.64485499269808,1.29718019420424,1.94797107178251,0.678132896623218,4143
2020-03-09,6.58415138352939,6.50097499966523,6.49937704834353,6.89583714814432,-3.58760833660785,3997
2020-03-10,3.60050733796507,3.3076871113871,3.26749731492403,3.77449692926072,1.71156354769693,4066
2020-03-11,1.06403286553658,1.04924064760259,1.03222485701991,0.801958549124597,-0.0492004929974144,4064
2020-03-12,2.45921091865997,2.07977240302073,1.7556609138392,2.50369142204493,-1.88778581765892,3988
2020-03-13,6.88393100476127,6.15230652591918,6.59338593930307,7.3372885438815,-5.96690855077604,3757
2020-03-16,11.0760066170183,11.5042050055998,10.3131179672835,17.1474578426738,-6.14733982148241,3533
2020-03-19,68.0118876932664,45.7423576229652,36.0383486455126,61.4568376292537,-8.19672301029524,2915
2020-03-20,16.6211153564335,15.8228942000594,15.4399750828333,10.6992050433459,7.53079380129744,3143
2020-03-23,9.47957801860288,9.66540664675143,10.6137834542084,6.25766734997877,-1.11983253100298,3108
2020-03-24,22.1147549978415,24.8420109268752,22.3425235302837,20.2263858151876,7.58760349786911,3353
2020-03-25,11.2060193254714,9.74910687357581,9.77579875401658,9.24172592531133,5.31406772913066,3536
2020-03-26,5.53163241740154,5.85791765320589,5.53123191499689,5.33834032616646,-1.45281005629112,3485
2020-03-27,4.64203160792356,5.01299382521763,4.06288906240471,2.38903417557249,1.73521634395293,3546
2020-03-30,8.51891461927435,6.65955024982434,5.95527428111783,8.01726397874603,-5.35816589090476,3361
2020-03-31,4.68135686769986,4.36776441684442,4.07971300054707,3.19337335446609,2.32329226423396,3440
2020-04-01,1.73895753032022,1.8793995550078,1.79883313410491,1.49876018878564,-0.787980146073863,3413
2020-04-02,1.95637766449366,2.03766958473864,2.16188270065015,2.10475257816369,2.85940058483014,3512
2020-04-03,2.83428053145367,2.7219360811128,2.8626804010783,2.5819141329986,0.935248421122026,3545
2020-04-07,0.773792150107923,0.776087159237873,0.763536678406745,0.840022343446905,5.5150444037805,3746
2020-04-08,1.58829886349221,1.34171128845873,1.40065213038882,1.48845190277317,-1.26260911715796,3699
2020-04-09,1.19512730666173,1.1911934459891,1.2574646431351,0.741123806071109,0.108078908115949,3703
2020-04-10,2.03370507449617,2.25237775184634,1.8772338471358,1.59371856946922,1.15453020904202,3746
2020-04-13,2.44378232233759,2.56876169082732,2.24425911338988,4.16220610405095,-1.20855506178774,3701
2020-04-14,2.43813032363689,2.5404901653634,2.36059471501466,2.45548100520298,2.05917156752999,3778
2020-04-15,3.7667674353788,2.71088729436267,2.51329734165101,4.27040230823028,-1.33228722559728,3728
2020-04-16,2.54086906157299,2.66013267711004,2.79551325864518,2.30992218494073,1.30581469069746,3777
2020-04-17,4.99907402616437,4.43659140211568,4.19486906514519,5.77157989756,-3.11937095922215,3661
2020-04-20,2.24179025095107,1.93136358991872,1.92980153445191,1.62109228184131,0.436086818103654,3677
2020-04-21,2.1080444239138,2.40039327349137,2.32997304541554,1.02907871354253,0.596531053118099,3699
2020-04-22,2.34117542806867,2.02592098692822,1.86845952802087,1.47852424719747,-3.71790032417536,3564
2020-04-23,3.6171063231058,2.38658639902276,2.8409972218467,3.11679732191239,3.47429484438724,3690
2020-04-24,2.67648261275523,2.38200291958813,2.5664090946622,2.70144230701502,0.567492402602632,3711
2020-04-27,1.91298841108405,1.83249901548321,1.61493740365954,1.56644587850509,-0.675952283082992,3686
2020-04-28,1.76362862537526,1.84234850898622,1.74232592822155,1.53651078262516,-1.94500036369032,3615
2020-04-29,1.23619415014787,1.25796713287898,1.38391916855938,1.36843178736748,1.45546987834901,3668
2020-04-30,1.40197227197202,1.27568353745668,1.43314029847096,0.779956476035097,0.949674753725738,3703
2020-05-06,0.493164330741798,0.416199133668424,0.497061803606373,0.343774528268448,-0.786231513854219,3674
2020-05-07,0.785974383488758,0.666916837588483,0.693476965004706,0.542644709056089,-0.627988411943292,3651
2020-05-08,1.68115690645592,1.69307680505388,1.70724670595277,1.59517498086944,3.28693383086733,3773
2020-05-11,3.53653699315198,2.85881951373195,2.48326747423325,2.87406745753575,0.10596027481462,3777
2020-05-12,0.793222029262363,0.552900256592386,0.594810500660409,0.470995163142994,-0.451108632851671,3760
2020-05-13,0.850963954438497,0.714017528917731,0.558499275028011,0.641775009221181,0.292126087441602,3771
2020-05-14,1.48699764475617,1.21603825986417,0.86356517380753,0.579271969228458,0.291275196004648,3782
2020-05-15,3.38768730512009,2.61128559949477,2.88727768228708,4.26329227259042,4.49804435241994,3956
2020-05-18,5.15135398766197,4.71434176338736,4.41135410095094,3.84900654980068,6.50755356656632,4222
2020-05-19,5.8581141036115,5.41136106732605,3.74082847727528,6.75441586212215,-2.34853832714155,4124
2020-05-20,3.20456648947286,2.18235389580021,1.563188664119,2.86961261545181,3.43217672847942,4268
2020-05-21,2.74273472947626,2.72040888285442,2.67256470970546,3.00118750643532,-2.53899034387022,4161
2020-05-22,3.46798226238445,3.31955562329846,3.15757035413229,3.81800574886103,-1.20891220850634,4111
2020-05-25,3.29648089944507,2.91579702365649,3.32863076531564,2.81455147120169,0.412672026351935,4128
2020-05-26,1.52768398989612,1.21796405995732,1.23024636517737,1.0696950668011,2.55902999247564,4235
2020-05-27,2.41740936332987,2.16750281689755,2.47460036889841,1.84814896115827,-1.59470236529522,4168
2020-05-28,3.262386768719,2.66544548527956,2.66304373445992,2.60445958631808,1.64191671933569,4237
2020-05-29,2.68089372428581,1.89599613850158,1.87295714191322,1.72268676683855,0.212189163664256,4246
2020-06-01,1.96204335941784,1.57477139686516,1.66511812480212,1.44398307174503,4.8722871682612,4458
2020-06-02,1.86177952662832,1.97569269628947,1.56847817817509,1.88422170687335,-0.901312996575143,4418
2020-06-03,2.94509243332803,2.35158815550842,2.16371227430477,2.44386296628666,-2.03505365380821,4329
2020-06-04,1.66006105658907,1.52285881134209,1.34974878109027,1.22212210486069,-2.17171407206838,4236
2020-06-05,1.76667054564313,1.45680314523803,1.31162941389654,1.03687308755066,0.893072915779669,4274
2020-06-08,3.06691103102275,3.3087639444179,3.20594001422093,2.46822720938027,-0.492554062545913,4253
2020-06-09,1.50511079740036,1.45320179531414,1.60291013687144,1.78411636416324,-0.141176494036266,4247
2020-06-10,0.739510817125326,0.650825797551095,0.565982630239903,0.605231174189473,0.844084730209893,4283
2020-06-11,2.26254220331377,1.9001267484038,1.65721633860945,2.84814855650821,0.721184933373209,4314
2020-06-12,2.67963705155201,2.69197275454935,2.25440028684113,3.09616606650654,-1.98999894766132,4229
2020-06-15,2.61950142958554,2.62027487042991,2.81878474080779,2.60031376962094,-2.44148077199071,4127
2020-06-16,2.64491166161689,2.16077577434961,1.87368390287287,1.71226848252029,1.03652850402653,4170
2020-06-17,1.67988152216989,1.65816546039225,1.47397834812453,1.63761650845355,0.812041720399392,4204
2020-06-18,0.565421152756186,0.388023141284799,0.383598949298309,0.475871771336015,0.237586236729292,4214
2020-06-19,1.08183214325561,0.895034943254802,0.733082201095923,0.769281389852869,0.42623791740013,4232
2020-06-22,1.0943700488014,1.15077323253514,1.07228625935264,1.13274365154661,1.75669115159742,4307
2020-06-23,1.21143937663142,1.10772775368782,1.04479911343849,0.989339962535461,-0.909627263246549,4268
2020-06-24,0.749952159862145,0.653543695971274,0.620124007154388,0.585887453785825,0.607336601708219,4294
2020-06-29,0.249318837959032,0.262547887808283,0.292316006831186,0.0905019933597163,-0.139827568808926,4288
2020-06-30,0.613806397805351,0.568786487778202,0.522682052755186,0.568411089410676,0.0233181766242652,4289
2020-07-01,1.11862166031744,0.860750889189843,0.855661723177561,1.07763282210282,2.44139256023974,4395
2020-07-02,1.97991392920562,1.72954314666449,1.6817733827154,1.57063688945411,-2.2783173930577,4296
2020-07-03,1.58105947135586,1.68307669172998,1.51764845569258,1.8739408168844,0.626524847893073,4323
2020-07-06,0.47021656915616,0.450981436413816,0.478642544143765,0.383405489027882,0.138696277434924,4329
2020-07-07,0.928870531121003,0.884055713284421,0.787960579119431,0.761670979675518,0.0230973554554481,4330
2020-07-08,0.863509976539147,0.732563932342713,0.686264203635444,0.918234236122135,1.01103802401781,4374
2020-07-09,1.38049290051408,1.23273197364411,1.08822785963857,1.57668758562332,2.17104863709014,4470
2020-07-10,2.1149328947807,2.04930513173418,2.02225344062333,2.27836507462463,-1.37405022496768,4409
2020-07-13,0.92141401182368,0.826956478005519,0.815103426782503,1.11527737241148,2.59696707760888,4525
2020-07-14,2.09490121711325,1.58645075140334,1.37958203966387,1.98882685599461,-0.154815910607731,4518
2020-07-15,0.759877263156425,0.750680493023231,0.705584753549241,0.573170902957147,1.01300139540168,4564
2020-07-16,1.03417615382162,0.799864290312095,0.632791901973222,0.837562537872784,-0.505217988401441,4541
2020-07-17,1.63903999886777,1.57319423041157,1.25744326482758,1.03352430130494,-0.86255096312744,4502
2020-07-20,0.76550240420022,0.617643617864003,0.527592539360882,0.600017240228019,0.994593235833285,4547
2020-07-21,2.8067912822123,2.66595024246383,2.2890594615735,2.45612201709794,5.16451128528548,4788
2020-07-22,3.26213171368465,3.42131219045816,3.60733868635974,3.29121803829972,6.6064611707862,5115
2020-07-23,14.3254429652885,9.79564290944238,7.12967055273321,16.5566861502497,3.77910127705441,5312
2020-07-24,3.69077417674127,3.26219735832247,3.40358040785107,3.47481892607157,0.11288806466947,5318
2020-07-27,12.766654962726,12.2728954853626,8.22531266955597,15.2828063949205,6.10890848723251,5653
2020-07-28,43.528107726296,20.7917676531794,13.7571066534931,41.1081687837672,-0.141618009152822,5645
2020-07-29,9.82465002586282,9.85895474154745,9.59951196478506,5.61505581413464,0.811578201936136,5691
2020-07-30,7.66040869156151,6.53977233700327,5.57681390724801,5.58528728430558,-4.87901641694322,5420
2020-07-31,11.0307887107961,7.63251782744436,6.79775414814843,9.25065811039073,3.92561936478835,5637
2020-08-03,3.80226563821211,3.31699706891102,2.66022728493998,3.72573870909426,0.513139230888626,5666
2020-08-04,1.37650979797718,1.27535920978415,1.20671510228026,0.871281754088909,0.211565664245583,5678
2020-08-05,17.9639666577532,12.5075960398528,10.054715646486,10.7970269731664,7.28365961902178,6107
2020-08-06,8.73182466285459,6.81895695600613,6.4456959827514,5.49888859540675,4.62371407307103,6396
2020-08-07,12.8863295809503,10.8138642462439,8.87985849308097,12.3693228364742,1.38190227966994,6485
2020-08-10,11.6398270792637,11.2708925690748,10.3951376408186,14.0791352734887,1.6516662362756,6593
2020-08-11,13.0935903154214,10.8545441369075,9.48919387797485,14.7647024834858,-1.69793754118075,6482
2020-08-12,16.2836191725631,14.840937758445,13.070166645376,17.685070824275,-10.3613610830903,5844
2020-08-13,9.24727131036987,7.51992620783391,7.79396071218248,6.21514808228893,1.56200119766261,5936
2020-08-14,17.3098745783936,16.9971830637238,16.4946149026708,16.1800505057959,2.3640188629523,6078
2020-08-17,15.6228482011651,12.4284695973966,14.4853130551145,12.7529103920506,1.14511311817473,6148
2020-08-18,4.8012415854492,4.35957903644996,4.09851874630232,3.96753162221752,3.78246638081539,6385
2020-08-19,12.672708957071,9.80378958368755,9.19436839369227,13.4696283567597,-4.23893929602688,6120
2020-08-20,15.0096592192248,16.3450204098553,14.5025399477314,12.5277745845851,-1.15038244814833,6050
2020-08-21,5.35105260728468,4.23693099822232,3.68900056153256,5.15079919036654,-1.80124950023348,5942
2020-08-24,14.6923961613296,10.0348726882795,8.00163118524103,10.2508539749687,-1.61170678468832,5847
2020-08-25,6.41443300337179,6.28807804467682,5.6169315376726,4.26580463155491,-1.53385170035492,5758
2020-08-26,2.87052750302093,2.29787482515009,2.19186864248551,2.04821643783977,-0.295678100448349,5741
2020-08-27,5.7211017854835,6.21213058883948,5.62528350938589,7.3030708408578,3.94484684914431,5972
2020-08-28,10.7185536821206,10.6699565794153,12.3723011961908,16.1603117958215,0.966513106215139,6030
2020-08-31,3.81924229061447,2.7429669601359,2.33125145907886,2.54853263808887,1.44882349896172,6118
2020-09-01,2.42045161013052,2.23660583848243,2.02626984727771,2.50275609801764,3.23257220626072,6319
2020-09-02,2.47691933131194,1.96035971745422,1.79461308913501,2.09596690898908,-3.18354859223859,6121
2020-09-03,4.88820581922234,5.1669449324405,4.56168027718374,4.43444190711976,-2.98480124953286,5941
2020-09-04,6.57112857346054,6.01755605166164,5.91881119925986,6.20858248671489,-1.20228355335996,5870
2020-09-07,10.8008823893594,9.147002571047,8.70224248672405,5.82952499766945,0.340136382349066,5890
2020-09-08,1.68234464140063,1.53729331821533,1.68097568047425,1.49531966095026,0.643089033029121,5928
2020-09-09,6.59004971446217,6.25570697031889,5.79238505835286,6.86157820340027,-1.70129996608281,5828
2020-09-10,3.00961180345813,2.57596247216838,2.0176769535214,2.54678461973443,1.53246656450587,5918
2020-09-11,2.16698686007684,1.85149052790499,1.82671364801071,2.27718351980796,-1.37815877563625,5837
2020-09-14,2.0814462043289,1.87419482980936,1.70759939200206,1.26580461076078,0.154070046739996,5846
2020-09-15,1.27873594202888,1.05006221900589,0.932014998464615,1.04687996799678,0.953360983169382,5902
2020-09-16,1.26232406134447,1.15772986538095,0.908100491991224,1.13033301540013,-0.356446104292907,5881
2020-09-17,1.82995944165203,1.86222477461039,1.7865765783628,1.61635440073315,-2.42676051463437,5740
2020-09-18,2.58112447988914,1.83344340035497,1.63444916470409,3.01794111846914,1.36692153430573,5819
2020-09-21,1.69725455933893,1.57749841862546,1.43398727072443,1.62913814255115,-1.52383901049333,5731
2020-09-22,38.8294243391634,36.6145597539216,30.6379017995357,33.0267403376044,-11.371263616601,5115
2020-09-23,15.6448174984607,14.2262817232693,12.7297784288983,15.607546019104,-3.35982303043654,4946
2020-09-24,11.7910761792374,9.63167380783255,8.56953975702395,11.9305397711397,-4.27530261137736,4739
2020-09-25,8.71363000504001,8.91882950015614,8.89948554992533,7.92888615363637,4.21462913393711,4943
2020-09-28,4.49588441605534,4.52931130446449,4.65872968305968,5.63066421513534,-2.12643465136395,4839
2020-09-29,4.01279977849211,3.32788666524642,2.98219363063692,4.09243311076672,3.17293242893353,4995
2020-09-30,2.48396292475072,2.39820330608696,2.33264857172887,1.53034682464051,0.519170495205046,5021
2020-10-09,0.879298417082017,0.972661773699151,1.0401100486332,0.823499200357425,1.14852747665406,5079
2020-10-12,5.81145825408058,4.66977260130016,4.24409527256516,6.23976143953991,4.6358911534444,5320
2020-10-13,4.22637927488406,4.04081447589961,4.0812468722393,3.6037954680091,-0.963271212640393,5269
2020-10-14,5.97209849518469,5.55702656092702,5.35338776289008,7.70173234075783,-3.24039922863584,5101
2020-10-15,3.10718326283389,2.45476820676948,2.71663556606678,2.28664510967593,-0.235525133409453,5089
2020-10-16,4.28097424015217,3.58639891706294,3.33997500937633,3.56135416725797,0.431373217944753,5111
2020-10-19,4.00696605110521,2.66207543049905,2.75153505927168,3.73825235433186,2.0719106928393,5218
2020-10-20,3.27827228945399,3.31060293380816,2.99742500940839,2.34774339486042,-1.38944728549841,5146
2020-10-21,1.93429077253087,2.10048924410049,2.09168530210787,1.86799882078959,2.07699774037966,5254
2020-10-22,2.66330099548516,2.2234799984012,2.34091657700417,2.48827084085018,-0.40049638732782,5233
2020-10-23,2.08466826234674,1.72944287834725,1.48183731153461,1.51157621411128,-1.13386436262335,5174
2020-10-26,2.67208109534637,2.43952840523721,2.40975621093381,3.4576341215586,-2.16868907760652,5063
2020-10-27,1.85365492551288,1.59869544681508,1.35911822325706,1.46548059724788,1.83958220810503,5157
2020-10-28,0.998687454819093,0.898369475080924,0.963017933024244,0.950824540821712,0.464307276382847,5181
2020-10-29,5.12797037590018,5.64801848686611,4.73238603337874,5.59512291174843,-5.08768795104437,4924
2020-10-30,8.15653133601811,8.09009432357468,7.73292026101081,6.9623187585373,-1.12326311216435,4869
