DATE,TIME,Open,Highest,Lowest,Close,Volumn
2019/9/16,9:05,344.7,345.25,343.88,345.25,2980
2019/9/16,9:10,345.01,345.49,344.72,345.2,1908
2019/9/16,9:15,345.18,345.21,344.5,345.12,976
2019/9/16,9:20,345.11,345.13,344.8,344.88,526
2019/9/16,9:25,344.8,344.85,344.4,344.73,850
2019/9/16,9:30,344.72,344.8,344.63,344.78,344
2019/9/16,9:35,344.84,344.98,344.8,344.98,606
2019/9/16,9:40,344.95,344.95,344.56,344.56,608
2019/9/16,9:45,344.56,344.63,344.53,344.57,580
2019/9/16,9:50,344.52,344.75,344.52,344.72,466
2019/9/16,9:55,344.71,344.74,344.66,344.69,356
2019/9/16,10:00,344.68,344.75,344.61,344.71,440
2019/9/16,10:05,344.75,344.89,344.75,344.81,402
2019/9/16,10:10,344.81,344.9,344.7,344.77,468
2019/9/16,10:15,344.74,344.75,344.68,344.73,150
2019/9/16,10:20,344.72,344.74,344.66,344.68,546
2019/9/16,10:25,344.68,344.7,344.64,344.68,474
2019/9/16,10:30,344.68,344.69,344.57,344.69,316
2019/9/16,10:35,344.66,344.7,344.53,344.56,474
2019/9/16,10:40,344.55,344.55,344.41,344.44,286
2019/9/16,10:45,344.47,344.47,344.31,344.37,210
2019/9/16,10:50,344.37,344.4,344.24,344.32,624
2019/9/16,10:55,344.3,344.32,344.23,344.25,508
2019/9/16,11:00,344.27,344.33,344.07,344.11,1220
2019/9/16,11:05,344.11,344.3,344.1,344.25,568
2019/9/16,11:10,344.27,344.4,344.25,344.3,324
2019/9/16,11:15,344.28,344.5,344.28,344.47,390
2019/9/16,11:20,344.5,344.57,344.41,344.41,226
2019/9/16,11:25,344.45,344.5,344.39,344.39,158
2019/9/16,11:30,344.39,344.4,344.28,344.4,186
2019/9/16,11:35,344.4,344.49,344.25,344.4,76
2019/9/16,11:40,344.4,344.4,344.19,344.2,78
2019/9/16,11:45,344.2,344.2,344.15,344.15,56
2019/9/16,11:50,344.17,344.3,344.15,344.2,54
2019/9/16,11:55,344.15,344.3,344.15,344.27,70
2019/9/16,12:00,344.26,344.26,344.1,344.1,206
2019/9/16,12:05,344.19,344.25,344.11,344.25,50
2019/9/16,12:10,344.21,344.32,344.21,344.3,24
2019/9/16,12:15,344.2,344.4,344.2,344.4,86
2019/9/16,12:20,344.4,344.48,344.4,344.4,40
2019/9/16,12:25,344.4,344.5,344.4,344.5,12
2019/9/16,12:30,344.5,344.6,344.45,344.52,126
2019/9/16,12:35,344.54,344.56,344.4,344.43,54
2019/9/16,12:40,344.43,344.44,344.43,344.43,14
2019/9/16,12:45,344.35,344.4,344.35,344.35,30
2019/9/16,12:50,344.3,344.3,344.22,344.22,8
2019/9/16,12:55,344.28,344.5,344.28,344.5,24
2019/9/16,13:00,344.38,344.38,344.36,344.36,26
2019/9/16,13:05,344.3,344.36,344.3,344.36,14
2019/9/16,13:10,344.36,344.36,344.3,344.3,10
2019/9/16,13:15,344.3,344.36,344.3,344.36,38
2019/9/16,13:20,344.3,344.38,344.3,344.3,28
2019/9/16,13:25,344.3,344.34,344.18,344.18,150
2019/9/16,13:30,344.18,344.22,343.93,344.06,792
2019/9/16,13:35,344,344.06,343.65,343.74,1128
2019/9/16,13:40,343.75,344.14,343.66,343.86,1134
2019/9/16,13:45,343.81,343.86,343.65,343.8,672
2019/9/16,13:50,343.8,343.9,343.7,343.9,524
2019/9/16,13:55,343.9,344.37,343.83,344.06,576
2019/9/16,14:00,344.12,344.12,343.88,343.92,286
2019/9/16,14:05,343.92,343.92,343.72,343.88,1386
2019/9/16,14:10,343.84,343.93,343.76,343.81,564
2019/9/16,14:15,343.89,344.06,343.82,344.06,680
2019/9/16,14:20,344.05,344.39,344.05,344.35,548
2019/9/16,14:25,344.3,344.65,344.3,344.55,1094
2019/9/16,14:30,344.5,344.54,344.36,344.43,180
2019/9/16,14:35,344.43,344.43,344.28,344.39,560
2019/9/16,14:40,344.4,344.52,344.34,344.45,726
2019/9/16,14:45,344.45,344.56,344.45,344.53,432
2019/9/16,14:50,344.53,344.67,344.52,344.54,1056
2019/9/16,14:55,344.54,344.55,344.34,344.35,196
2019/9/16,15:00,344.35,344.43,344.28,344.35,270
2019/9/16,15:05,344.35,344.37,344.25,344.27,806
2019/9/16,15:10,344.3,344.47,344.28,344.47,436
2019/9/16,15:15,344.47,344.48,344.06,344.06,530
2019/9/16,15:20,344.19,344.22,344.12,344.22,624
2019/9/16,15:25,344.41,344.5,344.24,344.45,648
2019/9/16,15:30,344.4,344.44,343.96,344.3,346
2019/10/8,9:05,343,343.4,342.35,343.29,2440
2019/10/8,9:10,343.34,343.62,343.04,343.59,1186
2019/10/8,9:15,343.59,343.59,343.44,343.51,804
2019/10/8,9:20,343.52,343.92,343.52,343.89,848
2019/10/8,9:25,343.89,344.1,343.86,344.01,786
2019/10/8,9:30,344.01,344.15,343.89,343.9,852
2019/10/8,9:35,343.96,344.08,343.79,344.08,342
2019/10/8,9:40,344,344.12,343.85,343.93,398
2019/10/8,9:45,343.9,343.94,343.75,343.8,596
2019/10/8,9:50,343.76,343.84,343.63,343.65,760
2019/10/8,9:55,343.6,343.64,343.59,343.64,506
2019/10/8,10:00,343.64,343.64,343.29,343.32,652
2019/10/8,10:05,343.32,343.32,343.13,343.18,862
2019/10/8,10:10,343.2,343.2,342.96,343.18,1048
2019/10/8,10:15,343.19,343.25,343.11,343.22,482
2019/10/8,10:20,343.19,343.23,343.14,343.23,254
2019/10/8,10:25,343.23,343.37,343.2,343.28,568
2019/10/8,10:30,343.28,343.31,343.27,343.28,364
2019/10/8,10:35,343.28,343.28,342.97,343,524
2019/10/8,10:40,343,343.11,342.95,343.05,362
2019/10/8,10:45,343.05,343.12,343.02,343.05,182
2019/10/8,10:50,343.12,343.2,343.06,343.11,218
2019/10/8,10:55,343.16,343.19,343.12,343.18,168
2019/10/8,11:00,343.13,343.2,343.1,343.14,198
2019/10/8,11:05,343.14,343.29,343.14,343.25,318
2019/10/8,11:10,343.22,343.25,343.17,343.25,164
2019/10/8,11:15,343.25,343.25,343.18,343.18,132
2019/10/8,11:20,343.17,343.2,343.05,343.05,304
2019/10/8,11:25,343.05,343.05,342.99,343.01,218
2019/10/8,11:30,343.01,343.04,342.92,343.01,184
2019/10/8,11:35,343.04,343.14,342.97,342.97,126
2019/10/8,11:40,343.06,343.06,343.06,343.06,2
2019/10/8,11:45,343.06,343.07,343.04,343.07,22
2019/10/8,11:50,343.1,343.1,343.07,343.07,34
2019/10/8,11:55,343.15,343.15,343.15,343.15,10
2019/10/8,12:00,343.16,343.16,343.15,343.15,8
2019/10/8,12:05,343.07,343.12,343.07,343.12,6
2019/10/8,12:10,343.07,343.07,343,343,14
2019/10/8,12:15,343,343.05,343,343.05,10
2019/10/8,12:20,343,343,343,343,2
2019/10/8,12:25,343.05,343.11,343,343.09,130
2019/10/8,12:30,343.05,343.09,343.05,343.09,24
2019/10/8,12:35,343.01,343.08,343.01,343.08,8
2019/10/8,12:40,343.07,343.07,343.07,343.07,8
2019/10/8,12:45,343.08,343.08,343.02,343.02,10
2019/10/8,12:50,343.07,343.07,343.07,343.07,2
2019/10/8,12:55,343.08,343.08,343.02,343.08,8
2019/10/8,13:00,343.08,343.08,343.08,343.08,2
2019/10/8,13:05,343.04,343.08,343.03,343.03,82
2019/10/8,13:10,343.05,343.08,343.05,343.08,4
2019/10/8,13:15,343.08,343.12,342.95,342.95,314
2019/10/8,13:20,342.92,343.1,342.92,343.02,38
2019/10/8,13:25,343,343.08,343,343,52
2019/10/8,13:30,343.08,343.2,343.08,343.2,82
2019/10/8,13:35,343.22,343.3,343.19,343.24,412
2019/10/8,13:40,343.22,343.25,343.11,343.11,466
2019/10/8,13:45,343.14,343.15,343.08,343.1,80
2019/10/8,13:50,343.1,343.1,342.96,342.96,242
2019/10/8,13:55,342.96,343,342.79,342.79,612
2019/10/8,14:00,342.79,342.95,342.79,342.9,324
2019/10/8,14:05,342.9,342.9,342.72,342.8,546
2019/10/8,14:10,342.77,342.9,342.75,342.9,492
2019/10/8,14:15,342.9,342.95,342.8,342.9,576
2019/10/8,14:20,342.83,342.98,342.83,342.9,328
2019/10/8,14:25,342.9,342.92,342.5,342.61,1284
2019/10/8,14:30,342.62,342.69,342.55,342.62,876
2019/10/8,14:35,342.59,342.85,342.59,342.69,614
2019/10/8,14:40,342.69,342.79,342.69,342.78,472
2019/10/8,14:45,342.78,342.98,342.78,342.98,278
2019/10/8,14:50,342.98,342.99,342.85,342.85,262
2019/10/8,14:55,342.9,343,342.9,342.9,498
2019/10/8,15:00,342.81,342.95,342.79,342.89,1408
2019/10/8,15:05,342.95,343.1,342.92,343.09,1194
2019/10/8,15:10,343.09,343.09,343,343.01,1190
2019/10/8,15:15,343.04,343.09,342.95,343.09,764
2019/10/8,15:20,343,343.05,342.96,343.02,456
2019/10/8,15:25,343.02,343.14,343.01,343.14,280
2019/10/8,15:30,343.14,343.4,343.13,343.31,780
2020/1/2,9:05,341,341.7,340.74,340.88,1144
2020/1/2,9:10,340.97,341.18,340.71,341.17,928
2020/1/2,9:15,341.18,341.26,341.12,341.15,1294
2020/1/2,9:20,341.15,341.59,341.15,341.59,458
2020/1/2,9:25,341.59,341.7,341.52,341.54,728
2020/1/2,9:30,341.59,341.59,341.45,341.46,260
2020/1/2,9:35,341.43,341.6,341.4,341.6,242
2020/1/2,9:40,341.62,341.68,341.57,341.57,360
2020/1/2,9:45,341.57,341.69,341.56,341.58,508
2020/1/2,9:50,341.6,341.62,341.56,341.57,272
2020/1/2,9:55,341.57,341.58,341.44,341.5,344
2020/1/2,10:00,341.54,341.58,341.54,341.58,360
2020/1/2,10:05,341.57,341.57,341.35,341.37,840
2020/1/2,10:10,341.36,341.47,341.32,341.44,524
2020/1/2,10:15,341.43,341.51,341.41,341.5,518
2020/1/2,10:20,341.5,341.57,341.5,341.53,354
2020/1/2,10:25,341.55,341.56,341.54,341.56,82
2020/1/2,10:30,341.56,341.58,341.55,341.56,52
2020/1/2,10:35,341.56,341.7,341.55,341.68,652
2020/1/2,10:40,341.68,341.7,341.64,341.68,568
2020/1/2,10:45,341.7,341.79,341.68,341.76,538
2020/1/2,10:50,341.75,341.8,341.72,341.78,698
2020/1/2,10:55,341.8,341.8,341.64,341.65,644
2020/1/2,11:00,341.65,341.71,341.65,341.68,190
2020/1/2,11:05,341.68,341.71,341.66,341.71,324
2020/1/2,11:10,341.71,341.72,341.7,341.71,426
2020/1/2,11:15,341.71,341.71,341.63,341.67,450
2020/1/2,11:20,341.7,341.7,341.53,341.53,444
2020/1/2,11:25,341.53,341.55,341.46,341.47,198
2020/1/2,11:30,341.48,341.57,341.45,341.55,258
2020/1/2,11:35,341.6,341.6,341.56,341.57,104
2020/1/2,11:40,341.57,341.6,341.56,341.56,26
2020/1/2,11:45,341.56,341.56,341.55,341.55,6
2020/1/2,11:50,341.5,341.6,341.5,341.55,14
2020/1/2,11:55,341.6,341.6,341.59,341.59,22
2020/1/2,12:00,,,,341.59,
2020/1/2,12:05,341.55,341.55,341.55,341.55,6
2020/1/2,12:10,341.55,341.55,341.55,341.55,4
2020/1/2,12:15,341.51,341.55,341.51,341.55,16
2020/1/2,12:20,341.51,341.55,341.51,341.55,4
2020/1/2,12:25,,,,341.55,
2020/1/2,12:30,341.54,341.54,341.51,341.51,12
2020/1/2,12:35,341.5,341.51,341.5,341.51,20
2020/1/2,12:40,341.51,341.51,341.51,341.51,50
2020/1/2,12:45,341.51,341.54,341.5,341.54,102
2020/1/2,12:50,,,,341.54,
2020/1/2,12:55,341.5,341.5,341.5,341.5,104
2020/1/2,13:00,341.5,341.53,341.48,341.48,16
2020/1/2,13:05,341.48,341.48,341.35,341.35,104
2020/1/2,13:10,341.34,341.34,341.28,341.28,78
2020/1/2,13:15,341.3,341.34,341.28,341.34,76
2020/1/2,13:20,341.37,341.45,341.37,341.45,82
2020/1/2,13:25,341.4,341.45,341.4,341.4,114
2020/1/2,13:30,341.4,341.43,341.39,341.43,128
2020/1/2,13:35,341.47,341.5,341.36,341.5,504
2020/1/2,13:40,341.5,341.55,341.41,341.41,338
2020/1/2,13:45,341.45,341.53,341.45,341.48,324
2020/1/2,13:50,341.48,341.48,341.42,341.42,254
2020/1/2,13:55,341.42,341.44,341.4,341.4,546
2020/1/2,14:00,341.4,341.4,341.33,341.34,404
2020/1/2,14:05,341.34,341.42,341.34,341.42,636
2020/1/2,14:10,341.44,341.5,341.43,341.44,644
2020/1/2,14:15,341.41,341.46,341.4,341.46,658
2020/1/2,14:20,341.46,341.46,341.37,341.4,956
2020/1/2,14:25,341.4,341.46,341.39,341.45,564
2020/1/2,14:30,341.45,341.46,341.42,341.45,728
2020/1/2,14:35,341.45,341.45,341.42,341.43,56
2020/1/2,14:40,341.45,341.46,341.38,341.38,594
2020/1/2,14:45,341.4,341.42,341.37,341.4,332
2020/1/2,14:50,341.4,341.45,341.38,341.43,650
2020/1/2,14:55,341.44,341.48,341.37,341.37,716
2020/1/2,15:00,341.37,341.4,341.35,341.35,438
2020/1/2,15:05,341.38,341.44,341.34,341.39,370
2020/1/2,15:10,341.38,341.39,341.35,341.35,168
2020/1/2,15:15,341.36,341.37,341.2,341.34,1146
2020/1/2,15:20,341.37,341.41,341.34,341.34,450
2020/1/2,15:25,341.34,341.35,341.3,341.3,234
2020/1/2,15:30,341.3,341.33,341.26,341.26,592
2020/2/3,9:05,356.3,356.7,355.3,356.03,4836
2020/2/3,9:10,356.04,356.23,355.13,355.53,3962
2020/2/3,9:15,355.47,356,355.31,355.93,2506
2020/2/3,9:20,356,356.15,355.8,356,2032
2020/2/3,9:25,356,356.97,356,356.85,1998
2020/2/3,9:30,356.8,357.29,356.68,357.16,2220
2020/2/3,9:35,357.16,357.23,356.3,356.5,1918
2020/2/3,9:40,356.4,356.5,356.13,356.3,1282
2020/2/3,9:45,356.3,356.33,356,356,1154
2020/2/3,9:50,356.01,356.45,355.99,356.28,856
2020/2/3,9:55,356.21,356.28,356.04,356.12,1070
2020/2/3,10:00,356.15,356.25,356.05,356.1,942
2020/2/3,10:05,356.1,356.35,356.08,356.3,836
2020/2/3,10:10,356.3,356.67,356.3,356.59,830
2020/2/3,10:15,356.59,356.99,356.55,356.9,1068
2020/2/3,10:20,356.85,356.97,356.76,356.79,594
2020/2/3,10:25,356.79,356.83,356.71,356.78,526
2020/2/3,10:30,356.72,356.75,356.55,356.65,246
2020/2/3,10:35,356.69,356.79,356.46,356.79,602
2020/2/3,10:40,356.73,356.95,356.73,356.91,900
2020/2/3,10:45,356.91,356.95,356.82,356.82,508
2020/2/3,10:50,356.82,356.85,356.74,356.8,264
2020/2/3,10:55,356.8,356.86,356.78,356.78,930
2020/2/3,11:00,356.76,356.78,356.65,356.7,238
2020/2/3,11:05,356.73,356.9,356.63,356.9,522
2020/2/3,11:10,356.94,356.95,356.8,356.84,232
2020/2/3,11:15,356.84,356.97,356.8,356.9,368
2020/2/3,11:20,356.86,356.9,356.65,356.71,558
2020/2/3,11:25,356.71,356.88,356.66,356.7,298
2020/2/3,11:30,356.7,356.83,356.6,356.7,904
2020/2/3,11:35,356.75,356.83,356.61,356.61,178
2020/2/3,11:40,356.61,356.7,356.61,356.7,124
2020/2/3,11:45,356.78,356.8,356.7,356.7,206
2020/2/3,11:50,356.65,356.65,356.62,356.65,88
2020/2/3,11:55,356.65,356.7,356.61,356.62,132
2020/2/3,12:00,356.65,356.74,356.62,356.7,156
2020/2/3,12:05,356.7,356.8,356.69,356.71,50
2020/2/3,12:10,356.7,356.75,356.7,356.75,38
2020/2/3,12:15,356.75,356.81,356.75,356.81,26
2020/2/3,12:20,356.81,356.81,356.66,356.7,172
2020/2/3,12:25,356.67,356.7,356.63,356.65,90
2020/2/3,12:30,356.65,356.85,356.65,356.75,38
2020/2/3,12:35,356.77,356.8,356.73,356.77,42
2020/2/3,12:40,356.77,356.8,356.75,356.8,80
2020/2/3,12:45,356.8,356.94,356.8,356.94,564
2020/2/3,12:50,356.85,356.85,356.76,356.84,32
2020/2/3,12:55,356.82,356.82,356.7,356.76,64
2020/2/3,13:00,356.76,356.86,356.76,356.8,64
2020/2/3,13:05,356.8,356.8,356.78,356.8,102
2020/2/3,13:10,356.8,356.85,356.75,356.78,128
2020/2/3,13:15,356.8,356.82,356.78,356.8,86
2020/2/3,13:20,356.82,356.82,356.7,356.75,524
2020/2/3,13:25,356.7,356.74,356.57,356.59,348
2020/2/3,13:30,356.65,356.68,356.47,356.61,184
2020/2/3,13:35,356.61,356.68,356.41,356.61,1096
2020/2/3,13:40,356.65,356.84,356.63,356.78,188
2020/2/3,13:45,356.73,356.79,356.73,356.78,80
2020/2/3,13:50,356.78,356.79,356.66,356.7,124
2020/2/3,13:55,356.75,356.78,356.69,356.7,462
2020/2/3,14:00,356.69,356.73,356.68,356.7,680
2020/2/3,14:05,356.7,356.83,356.61,356.83,290
2020/2/3,14:10,356.8,356.89,356.78,356.78,268
2020/2/3,14:15,356.78,356.99,356.72,356.99,556
2020/2/3,14:20,356.98,357,356.86,356.88,226
2020/2/3,14:25,356.9,356.94,356.7,356.72,364
2020/2/3,14:30,356.84,356.87,356.75,356.75,362
2020/2/3,14:35,356.78,356.85,356.7,356.75,904
2020/2/3,14:40,356.75,356.89,356.7,356.88,450
2020/2/3,14:45,356.81,356.95,356.8,356.95,804
2020/2/3,14:50,356.95,357.01,356.85,357,996
2020/2/3,14:55,357,357,356.8,356.85,306
2020/2/3,15:00,356.85,356.85,356.64,356.65,458
2020/2/3,15:05,356.68,356.78,356.4,356.6,756
2020/2/3,15:10,356.51,356.75,356.5,356.75,362
2020/2/3,15:15,356.75,356.75,356.5,356.54,296
2020/2/3,15:20,356.52,356.54,356.08,356.19,688
2020/2/3,15:25,356.2,356.28,356.1,356.1,550
2020/2/3,15:30,356.09,356.12,355.9,356,1506
2020/4/7,9:05,375,377,373.01,373.08,9484
2020/4/7,9:10,373.09,373.39,372.32,373.08,4012
2020/4/7,9:15,373.12,373.25,372.81,373,3592
2020/4/7,9:20,373.07,373.84,372.87,373.75,3304
2020/4/7,9:25,373.75,374.26,373.6,374.24,2574
2020/4/7,9:30,374.21,374.4,373.8,373.83,2190
2020/4/7,9:35,373.9,373.98,373.81,373.92,888
2020/4/7,9:40,373.92,374.1,373.85,373.97,1208
2020/4/7,9:45,373.97,374.04,373.75,373.85,928
2020/4/7,9:50,373.9,374.3,373.8,374.21,1562
2020/4/7,9:55,374.29,374.48,374.21,374.35,2084
2020/4/7,10:00,374.35,374.39,374.2,374.2,1312
2020/4/7,10:05,374.25,374.36,374.05,374.05,1134
2020/4/7,10:10,374.05,374.05,373.8,373.91,862
2020/4/7,10:15,373.91,374.08,373.85,373.9,466
2020/4/7,10:20,373.9,374,373.8,373.87,522
2020/4/7,10:25,373.81,373.83,373.73,373.75,622
2020/4/7,10:30,373.73,373.88,373.67,373.72,654
2020/4/7,10:35,373.71,373.9,373.3,373.68,1724
2020/4/7,10:40,373.62,373.68,373.11,373.28,1624
2020/4/7,10:45,373.29,373.59,373.17,373.46,1860
2020/4/7,10:50,373.46,373.46,373.2,373.33,928
2020/4/7,10:55,373.35,373.6,373.02,373.4,826
2020/4/7,11:00,373.4,373.65,373.32,373.34,526
2020/4/7,11:05,373.33,373.45,373.26,373.33,752
2020/4/7,11:10,373.3,373.33,373.11,373.26,558
2020/4/7,11:15,373.3,373.5,373.17,373.44,968
2020/4/7,11:20,373.4,373.68,373.35,373.52,898
2020/4/7,11:25,373.54,373.6,373.3,373.5,484
2020/4/7,11:30,373.41,373.44,373.24,373.24,230
2020/4/7,11:35,373.35,373.35,373.12,373.2,148
2020/4/7,11:40,373.12,373.26,373.12,373.26,120
2020/4/7,11:45,373.21,373.3,373.19,373.3,130
2020/4/7,11:50,373.4,373.4,373.25,373.4,106
2020/4/7,11:55,373.4,373.4,373.27,373.35,46
2020/4/7,12:00,373.26,373.55,373.25,373.55,236
2020/4/7,12:05,373.4,373.58,373.3,373.3,110
2020/4/7,12:10,373.45,373.5,373.3,373.3,78
2020/4/7,12:15,373.3,373.45,373.23,373.45,100
2020/4/7,12:20,373.45,373.46,373.39,373.4,22
2020/4/7,12:25,373.35,373.35,373.2,373.35,114
2020/4/7,12:30,373.4,373.4,373.13,373.13,246
2020/4/7,12:35,373.12,373.26,372.96,372.96,506
2020/4/7,12:40,372.97,373.12,372.86,373.07,226
2020/4/7,12:45,373.07,373.14,372.97,373,64
2020/4/7,12:50,373.02,373.31,373.02,373.31,256
2020/4/7,12:55,373.3,373.6,373.2,373.2,312
2020/4/7,13:00,373.3,373.38,373.25,373.26,84
2020/4/7,13:05,373.35,373.68,373.26,373.35,300
2020/4/7,13:10,373.48,373.48,373.26,373.31,246
2020/4/7,13:15,373.27,373.42,373.1,373.4,118
2020/4/7,13:20,373.25,373.35,373.11,373.2,118
2020/4/7,13:25,373.2,373.3,373.1,373.29,278
2020/4/7,13:30,373.25,373.34,373.25,373.27,150
2020/4/7,13:35,373.37,373.68,373.34,373.39,870
2020/4/7,13:40,373.41,373.84,373.4,373.7,716
2020/4/7,13:45,373.7,373.85,373.6,373.72,796
2020/4/7,13:50,373.74,373.93,373.61,373.93,966
2020/4/7,13:55,373.94,374.08,373.88,373.94,1378
2020/4/7,14:00,373.91,373.94,373.5,373.55,760
2020/4/7,14:05,373.55,373.61,373.28,373.28,580
2020/4/7,14:10,373.26,373.43,372.8,372.92,1198
2020/4/7,14:15,372.93,373.1,372.8,373.03,1252
2020/4/7,14:20,373.04,373.35,372.93,373.02,914
2020/4/7,14:25,373.13,373.15,372.98,373.01,506
2020/4/7,14:30,373.04,373.13,373,373.05,1048
2020/4/7,14:35,373.05,373.1,372.77,372.9,1414
2020/4/7,14:40,372.9,372.96,372.61,372.85,1150
2020/4/7,14:45,372.85,373,372.64,372.74,752
2020/4/7,14:50,372.74,372.9,372.6,372.64,1422
2020/4/7,14:55,372.63,372.7,372.35,372.6,1374
2020/4/7,15:00,372.6,372.99,372.52,372.93,2274
2020/4/7,15:05,372.89,373.6,372.89,373,1958
2020/4/7,15:10,373,373,372.66,372.7,854
2020/4/7,15:15,372.69,372.82,372.5,372.6,942
2020/4/7,15:20,372.6,372.6,372.33,372.55,842
2020/4/7,15:25,372.55,372.59,372,372,1872
2020/4/7,15:30,372,372.03,370.7,370.9,2662
2020/5/6,9:05,378.51,379.77,378.04,379.77,3902
2020/5/6,9:10,379.95,379.96,379.5,379.7,1392
2020/5/6,9:15,379.69,380.29,379.69,380.09,1600
2020/5/6,9:20,380.06,380.42,380.01,380.27,1208
2020/5/6,9:25,380.25,380.27,380.02,380.11,760
2020/5/6,9:30,380.11,380.13,379.9,379.9,410
2020/5/6,9:35,380,380.09,379.88,379.96,634
2020/5/6,9:40,379.96,380.08,379.88,379.93,468
2020/5/6,9:45,379.93,380,379.9,379.96,412
2020/5/6,9:50,379.95,380.08,379.91,380.06,744
2020/5/6,9:55,380.08,380.19,380.05,380.14,694
2020/5/6,10:00,380.2,380.25,380.05,380.06,880
2020/5/6,10:05,380.09,380.18,379.95,379.95,986
2020/5/6,10:10,379.95,380.05,379.7,379.9,818
2020/5/6,10:15,379.89,379.92,379.81,379.83,518
2020/5/6,10:20,379.86,379.97,379.8,379.92,296
2020/5/6,10:25,379.92,379.97,379.85,379.92,408
2020/5/6,10:30,379.92,380,379.87,380,380
2020/5/6,10:35,379.95,380.03,379.95,380,678
2020/5/6,10:40,379.97,379.97,379.88,379.9,336
2020/5/6,10:45,379.91,379.95,379.87,379.9,926
2020/5/6,10:50,379.86,379.94,379.86,379.87,162
2020/5/6,10:55,379.9,379.9,379.82,379.84,82
2020/5/6,11:00,379.95,379.95,379.83,379.87,182
2020/5/6,11:05,379.85,379.9,379.82,379.85,144
2020/5/6,11:10,379.85,379.87,379.63,379.63,290
2020/5/6,11:15,379.65,379.75,379.63,379.68,116
2020/5/6,11:20,379.67,379.67,379.5,379.56,320
2020/5/6,11:25,379.58,379.59,379.18,379.35,590
2020/5/6,11:30,379.33,379.33,379.01,379.1,914
2020/5/6,11:35,379.05,379.54,379.05,379.45,208
2020/5/6,11:40,379.5,379.66,379.5,379.54,56
2020/5/6,11:45,379.55,379.59,379.53,379.57,24
2020/5/6,11:50,379.55,379.55,379.5,379.55,18
2020/5/6,11:55,379.55,379.59,379.5,379.5,46
2020/5/6,12:00,379.51,379.52,379.51,379.51,46
2020/5/6,12:05,379.53,379.55,379.5,379.5,38
2020/5/6,12:10,379.5,379.55,379.5,379.55,30
2020/5/6,12:15,379.57,379.59,379.52,379.52,28
2020/5/6,12:20,379.58,379.6,379.55,379.6,74
2020/5/6,12:25,379.6,379.85,379.6,379.85,72
2020/5/6,12:30,379.78,379.78,379.7,379.7,20
2020/5/6,12:35,379.71,379.72,379.71,379.71,12
2020/5/6,12:40,379.71,379.72,379.7,379.72,34
2020/5/6,12:45,379.72,379.77,379.71,379.71,28
2020/5/6,12:50,379.71,379.8,379.71,379.8,26
2020/5/6,12:55,379.8,379.8,379.75,379.8,18
2020/5/6,13:00,379.8,379.8,379.75,379.75,66
2020/5/6,13:05,379.73,379.75,379.65,379.65,58
2020/5/6,13:10,379.65,379.73,379.65,379.65,16
2020/5/6,13:15,379.65,379.75,379.65,379.65,18
2020/5/6,13:20,379.73,379.8,379.73,379.8,94
2020/5/6,13:25,379.83,379.84,379.75,379.84,120
2020/5/6,13:30,379.82,379.82,379.7,379.75,64
2020/5/6,13:35,379.68,379.68,379.25,379.3,702
2020/5/6,13:40,379.33,379.5,379.27,379.5,446
2020/5/6,13:45,379.5,379.6,379.39,379.44,212
2020/5/6,13:50,379.42,379.68,379.4,379.63,296
2020/5/6,13:55,379.6,379.8,379.45,379.8,422
2020/5/6,14:00,379.8,380.06,379.8,380,1458
2020/5/6,14:05,380.03,380.17,379.87,380.05,814
2020/5/6,14:10,380.06,380.14,379.96,380.11,654
2020/5/6,14:15,380.14,380.27,380.08,380.2,706
2020/5/6,14:20,380.2,380.2,379.85,379.93,422
2020/5/6,14:25,380,380.18,379.95,380,274
2020/5/6,14:30,379.96,380,379.55,379.55,414
2020/5/6,14:35,379.52,379.64,379.45,379.63,484
2020/5/6,14:40,379.63,379.74,379.55,379.6,462
2020/5/6,14:45,379.6,379.65,379.52,379.54,732
2020/5/6,14:50,379.6,379.63,379.3,379.5,2138
2020/5/6,14:55,379.4,379.56,379.4,379.56,576
2020/5/6,15:00,379.51,379.97,379.5,379.97,516
2020/5/6,15:05,379.97,379.97,379.7,379.88,290
2020/5/6,15:10,379.88,379.97,379.82,379.82,196
2020/5/6,15:15,379.81,379.95,379.8,379.95,324
2020/5/6,15:20,379.94,380.05,379.9,380,394
2020/5/6,15:25,380.05,380.15,379.91,380.15,378
2020/5/6,15:30,380.15,380.15,379.97,380.07,478
2020/6/29,9:05,398.4,398.6,397.68,398.07,2342
2020/6/29,9:10,398,398.1,397.68,397.9,1618
2020/6/29,9:15,397.9,397.95,397.7,397.9,1022
2020/6/29,9:20,397.84,397.95,397.77,397.77,632
2020/6/29,9:25,397.77,397.9,397.76,397.81,488
2020/6/29,9:30,397.81,397.81,397.31,397.33,910
2020/6/29,9:35,397.33,397.75,397.3,397.6,636
2020/6/29,9:40,397.6,397.69,397.44,397.46,622
2020/6/29,9:45,397.41,397.54,397.28,397.54,382
2020/6/29,9:50,397.54,397.6,397.34,397.45,630
2020/6/29,9:55,397.38,397.4,397.22,397.28,876
2020/6/29,10:00,397.29,397.41,397.2,397.35,980
2020/6/29,10:05,397.37,397.38,397.27,397.3,526
2020/6/29,10:10,397.3,397.4,397.3,397.33,532
2020/6/29,10:15,397.33,397.4,397.3,397.32,566
2020/6/29,10:20,397.34,397.42,397.33,397.4,692
2020/6/29,10:25,397.4,397.42,397.3,397.34,750
2020/6/29,10:30,397.34,397.37,397.25,397.25,724
2020/6/29,10:35,397.29,397.47,397.1,397.47,1170
2020/6/29,10:40,397.47,397.62,397.45,397.62,702
2020/6/29,10:45,397.68,397.75,397.55,397.65,536
2020/6/29,10:50,397.69,397.9,397.56,397.8,686
2020/6/29,10:55,397.81,397.89,397.73,397.85,348
2020/6/29,11:00,397.81,397.85,397.67,397.7,926
2020/6/29,11:05,397.7,397.85,397.67,397.83,626
2020/6/29,11:10,397.84,397.85,397.73,397.85,788
2020/6/29,11:15,397.86,397.95,397.85,397.92,634
2020/6/29,11:20,397.93,397.98,397.9,397.97,450
2020/6/29,11:25,397.97,397.97,397.7,397.7,314
2020/6/29,11:30,397.7,397.85,397.7,397.8,208
2020/6/29,11:35,397.8,397.85,397.75,397.84,714
2020/6/29,11:40,397.84,397.84,397.7,397.7,64
2020/6/29,11:45,397.7,397.8,397.69,397.8,60
2020/6/29,11:50,397.8,397.83,397.79,397.8,38
2020/6/29,11:55,397.75,397.75,397.68,397.7,62
2020/6/29,12:00,397.72,397.72,397.68,397.68,14
2020/6/29,12:05,397.72,397.8,397.72,397.8,94
2020/6/29,12:10,397.85,397.85,397.7,397.7,214
2020/6/29,12:15,397.7,397.84,397.7,397.84,12
2020/6/29,12:20,397.75,397.85,397.75,397.84,40
2020/6/29,12:25,397.85,397.85,397.8,397.8,26
2020/6/29,12:30,397.8,397.8,397.76,397.76,22
2020/6/29,12:35,397.76,397.86,397.7,397.85,200
2020/6/29,12:40,397.85,397.85,397.75,397.81,86
2020/6/29,12:45,397.81,397.88,397.77,397.85,62
2020/6/29,12:50,397.85,397.9,397.77,397.9,158
2020/6/29,12:55,397.92,397.92,397.84,397.84,28
2020/6/29,13:00,397.84,397.93,397.84,397.93,34
2020/6/29,13:05,397.94,397.94,397.94,397.94,32
2020/6/29,13:10,397.88,397.88,397.83,397.83,56
2020/6/29,13:15,397.93,397.94,397.85,397.93,42
2020/6/29,13:20,397.88,397.88,397.85,397.85,38
2020/6/29,13:25,397.86,397.92,397.85,397.85,48
2020/6/29,13:30,397.83,397.9,397.76,397.8,36
2020/6/29,13:35,397.85,398,397.85,397.95,2178
2020/6/29,13:40,397.95,397.95,397.68,397.84,406
2020/6/29,13:45,397.8,397.8,397.7,397.7,140
2020/6/29,13:50,397.77,397.8,397.7,397.7,224
2020/6/29,13:55,397.7,397.8,397.63,397.78,434
2020/6/29,14:00,397.7,397.95,397.68,397.81,898
2020/6/29,14:05,397.85,397.89,397.66,397.66,420
2020/6/29,14:10,397.69,397.84,397.65,397.84,258
2020/6/29,14:15,397.84,397.84,397.68,397.7,278
2020/6/29,14:20,397.7,397.74,397.5,397.56,526
2020/6/29,14:25,397.59,397.59,397.35,397.35,740
2020/6/29,14:30,397.35,397.48,397.25,397.35,516
2020/6/29,14:35,397.33,397.42,397.23,397.41,512
2020/6/29,14:40,397.41,397.55,397.4,397.48,390
2020/6/29,14:45,397.48,397.55,397.45,397.55,438
2020/6/29,14:50,397.5,397.5,397.45,397.5,62
2020/6/29,14:55,397.5,397.5,397.41,397.41,188
2020/6/29,15:00,397.46,397.47,397.33,397.39,446
2020/6/29,15:05,397.39,397.43,397.3,397.35,1146
2020/6/29,15:10,397.35,397.4,397.3,397.35,514
2020/6/29,15:15,397.35,397.35,397.2,397.2,710
2020/6/29,15:20,397.24,397.35,397.2,397.28,526
2020/6/29,15:25,397.28,397.3,397.2,397.3,638
2020/6/29,15:30,397.3,397.42,397.2,397.25,628
